Id,Recovery Index
6253,54.811982806091414
4685,22.645737584867085
1732,47.865003469700675
4743,31.38207778420329
4522,43.07400027662502
6341,59.15672815913269
577,45.903904822066444
5203,86.39495300048688
6364,37.79436930197898
440,71.97562998602413
2751,63.46723632906242
7488,24.993127349035525
5273,60.899019209562034
5654,44.00095698027561
4000,49.03463838743203
6034,44.65622196343486
583,57.907697279896695
9931,78.97530080937315
7052,65.73761063853937
8159,46.753951055599536
9897,62.55643048699576
2250,15.498947443790229
4641,38.47453053802315
9486,76.87568048381208
4948,84.05948436118095
9921,31.198721828959037
1964,28.731464134565805
8244,88.83287394710283
6591,51.16428872957086
8848,56.34195994920388
322,59.946532002741414
2679,33.81967298079247
4626,38.570960016719106
4950,50.05390202365616
8329,34.69290590294133
3338,63.79922180274039
5590,49.99256127666737
252,46.58720016918502
3974,76.28938332559193
6631,78.78427981120001
5548,80.711409851159
36,75.93812274441373
8363,68.16738546647804
1514,93.48440371987274
9318,70.30289881471523
40,63.90273443448607
4820,74.40169523713533
3466,69.51685493667205
1761,75.25170646428765
2305,42.280654228769286
3724,71.24408154553568
8285,57.580713817938225
4994,72.76546671892433
8128,83.34844233418264
3033,73.76407638827001
7939,90.1259258200317
3040,74.01297102665481
9656,87.99085400444594
2546,73.8318245415702
2593,60.44734627003845
1189,37.289140197744935
7967,35.72721703565882
6078,16.070688502909526
108,81.84130052221661
1316,84.66477999545103
8188,36.29622387473481
2754,29.747842863852917
9754,67.69645812743988
6232,37.49269686005048
2877,72.10676837802856
5324,61.265131813777295
800,91.32317120314528
3571,88.21678450907714
2895,91.9183462031479
2928,70.68491165197199
8179,39.65147864106151
972,65.42406942235786
6688,43.778990198991636
8576,45.85011284877432
2021,75.17247845304888
9055,64.71134638754805
953,61.31035453279492
5360,64.36853040944723
3858,50.08970731791252
5862,59.92034784841854
3146,36.114446069360376
3306,28.26742731976762
3007,81.65455084968627
9002,66.51196080554101
7771,27.008007770855457
7439,20.755127835286864
7943,23.677977434718578
9239,31.32665713831065
1057,75.33356528903357
3155,96.51640138943753
3788,79.6884675452996
9190,63.55290095959119
7826,87.94512544954726
7540,86.63391676600493
7232,60.93291580870729
765,82.32976293241569
5020,28.545809865187906
4904,36.47110206109189
8094,55.15176370091541
6844,19.845550581729768
2166,72.62840823585113
1863,48.88060527142052
7851,79.68957830683871
9124,74.4944345006941
2341,39.0995770493709
5528,48.845744056013324
6744,22.892310161347453
4004,36.98872068419113
1124,26.57985020359284
8710,26.6778409007793
4050,26.303736444633586
7641,51.95136022501159
766,25.142875126604743
2345,23.663620479287644
4072,52.097568330935076
7217,37.78718574320975
4217,76.2525520387604
7953,87.74225733517746
5971,49.37329756991205
3351,49.394088416118414
4696,60.61863688110689
3400,53.78789371124436
4082,69.64338446129312
9150,73.91432065471054
1225,56.85276685361683
6293,63.86632360249937
3123,52.67978890495096
511,67.256819283549
5795,66.42178873569073
8182,21.960571269657883
9418,90.61140992617672
97,56.696442991190374
6682,37.282676074723156
1513,39.71564503436144
8792,16.068010987788462
120,43.25464690943569
7792,13.233190526622366
6518,39.96354709853185
34,49.23705979426062
7888,59.243084916272885
6831,43.12360608327266
5422,39.404466718680844
1069,65.53610067909096
1348,18.062026090892743
4748,29.68488115935832
6006,43.009965883173834
6040,44.12240269235011
3818,76.09301001386157
8447,44.70110226093803
5270,67.70717475553312
6898,19.914011539271556
5310,32.681077873173386
32,35.971920509807596
5675,49.33528033139964
4387,18.44132499373778
30,74.72760628980367
4203,33.04492987612805
7508,68.3366597349648
736,29.07282354069948
2068,42.18569436851427
107,80.06721757387433
9645,73.0458182631657
8895,17.111860658198836
8021,53.05993521718843
2233,56.21745801456528
994,48.505083543198104
9413,67.35393833185523
7059,50.49251595992432
6790,59.32076867694878
361,82.14133897109377
305,36.011736884212915
2628,42.92984980338958
8966,77.50130380027926
4514,56.790848027994876
5911,54.64866187941025
8314,41.36672890764644
3101,41.80306564248469
5704,58.092156061373
3899,34.85705174817336
5441,56.4966590825209
7931,48.398643929909916
622,76.73100001747827
7236,46.87487789535831
2499,37.962662078591926
714,64.74194265712765
8404,65.47880890192431
2856,81.35083353670564
4270,71.69658179340087
2909,91.91851592099417
8081,41.57157525669751
4517,72.42729770307506
1262,32.65556012781694
3161,21.681450780976903
971,45.471581066982374
3913,81.26274908209459
5199,35.794261699789594
8847,64.52390871621552
260,74.50417379038922
3791,43.279329139343595
9203,92.3161103255176
488,39.63951420042254
7908,32.044988948887045
519,73.90939673571964
8343,35.519659591742965
312,89.954765922588
3232,58.40545294692304
7933,27.472458197639824
7458,22.808666033660273
9784,31.75159645701877
5184,21.737175865583787
8077,70.86661200606882
6502,13.815911269496887
6791,19.93458577196907
7773,19.601377742571046
2738,45.90392495035125
7842,47.17334385324242
6262,46.53748897037485
8206,78.71114976590434
1248,25.74680841625006
9336,22.740489106267653
4195,47.79760359692227
8001,24.85820774957918
7378,41.821040371660224
3435,58.33068919835667
5382,71.35874645859266
959,81.22808419071617
417,61.70528948857555
5742,35.68231056002761
6728,82.54609624826304
4382,80.92570369939948
5197,66.52729565150122
1113,65.0294268332699
2689,18.60313842430603
6473,63.08096178891412
8820,36.60882915071338
7808,37.909120216157135
3411,62.28957189559589
81,47.9871982633595
4614,73.07318237115408
1374,70.68033623791237
1510,70.74047691397432
6443,57.67219215205322
3071,45.261849833484455
3016,40.45016632504092
4823,76.85236291227774
7822,40.09660690194601
93,59.8581621169624
9421,69.07481531671058
6600,76.83334728310797
4443,75.62825157076509
7602,80.19253632576759
3835,65.73886548998881
9702,64.32851543266895
4322,55.83649476121729
3394,60.42543580286584
4752,36.289556709710645
7229,55.00606753322282
9191,47.28020680622772
2361,33.910209363345466
1148,14.166980935839398
5666,71.23606809426005
8075,42.27088287190293
4943,23.431948932630597
3663,48.6873306428453
1563,77.10748730834516
4113,20.756066958622924
9050,62.4992679805611
9276,75.57025930279045
8538,41.06360723035663
795,69.47427403326998
5854,58.96251430273217
7619,57.44775631284606
1594,41.470646008245076
7418,83.9748493596066
5267,42.771210493622654
7147,33.32606477826318
89,56.016289438927394
8695,53.12305153009089
9732,27.335772236510024
9446,39.59395454034986
6754,69.71491958364206
3502,48.32794111597092
2234,59.978644514722
2803,55.07337785779287
4424,48.85880120364212
5663,65.97286401678642
7170,70.51083841523936
8337,68.39350790799364
2148,34.80753024474042
7969,37.90016040906536
6551,36.76485197753667
7643,73.62816404067632
6164,77.28053925415853
1495,68.95014829149119
7696,68.46757934615093
7094,36.14798340355238
1409,74.2351153609049
6691,19.048365414671487
3401,50.85907041388233
109,49.72090205934123
5636,47.58167756089333
8482,24.861711890475874
6604,30.74487645213172
1091,61.89915556915536
5560,77.90480013595591
9412,55.06159307310172
8143,36.349170920276904
8664,19.507507445747855
6596,41.60577217065197
624,47.78052394757044
6871,35.83437702262151
4814,56.90201574658138
6553,83.07162363496653
7530,44.3749797998747
5796,55.29332786312394
7437,87.2030870955274
4218,15.045758162989777
5941,58.43523803933986
8501,28.42515569717051
6429,49.19510999758427
6827,27.000743014454834
4131,59.89175199921119
7802,47.364935199562716
7754,72.8694252051202
4722,50.5299813045873
1651,50.006157768780874
4141,83.42706536771857
1618,84.01046321029082
2030,93.16312657016428
8518,36.75803155049929
4576,54.628641551873855
3993,55.8523415488603
7377,55.74256475611995
6150,63.01045511001454
4909,80.14253372764387
5027,74.09717645637986
8261,43.7274097673296
4732,64.80723790140547
7549,60.285011123441656
8135,49.20183005306464
1607,65.76346721968902
4774,58.02433063689853
8110,76.00279065687218
6952,57.74780465893223
6005,44.20251905156028
7729,74.23908064549363
3542,22.50269432694011
389,37.66923219398556
1795,64.45343460976304
8732,75.02027044635032
4920,45.15864349999401
5538,46.0236346639439
3873,54.674882996853135
8869,51.366196853104135
2255,79.87181233399215
3413,57.92247027263442
5460,45.576563508828755
4956,68.39207534118194
7397,63.93505243181189
5415,37.952392171420215
7400,53.375344402394596
7415,68.5820642198788
9101,29.64916092866241
4852,59.48811040003725
2026,70.55537338429602
2616,69.61603864300776
7389,35.62398020580413
2927,83.4974919327817
1122,45.31816250832357
2911,76.39454346043061
8147,61.54808238443158
7384,42.13577036536031
3483,84.13680691427496
796,24.698412659138533
1576,31.42415787920647
6177,53.21297253994606
6267,54.100589490752235
2459,39.75394256901624
3313,39.203428622071606
1254,55.825949104977234
6835,79.09849663652207
8795,72.61765454123102
3838,64.20491138370159
4399,81.33402244340098
3596,55.592906486745456
6622,52.035624901786896
8383,71.69527678429614
2125,59.39555112400205
3239,58.748945179279154
5404,77.20526958807669
5999,77.12331101244328
5939,37.837150404258395
2046,22.302539178456946
1579,41.24827996927957
15,65.45897992430697
2674,70.75458774062125
7017,59.78643075646158
8721,71.13973859105363
8850,27.34229761536028
4813,19.107978891962922
1085,65.5574234799596
4984,47.92701552924462
7156,76.75167163174274
2885,69.91093134422837
334,38.5718755580696
7205,89.55673986652681
4368,58.29231804265212
3080,82.69198853622176
7204,56.14922841513842
9910,35.47712713956134
8865,42.79410774027181
264,49.90550916527851
4338,42.73668609553241
8896,31.470642498705722
8448,74.61332957547853
5904,71.89851975145504
1499,36.38193445153447
4191,39.61772153826555
7486,32.42441131485991
9644,47.13542303566535
8311,57.68630990558541
7591,49.1444716945121
501,30.192748133280922
9156,53.869583821939045
9415,73.60842569258168
3096,66.53385377923973
4632,60.10906660893317
368,29.42517919955172
4059,63.80177253617979
8175,41.454504572485696
4631,49.467580437755466
6071,55.274905033617294
2665,35.85411760078011
1027,55.488836635125615
5909,34.701347480429206
5051,56.77610688539853
6329,67.79142254121922
9734,86.49773798146964
1692,86.2223489227508
674,81.43087669622557
5573,47.138963908832274
5767,33.92616702505843
5157,51.55410990097398
734,38.24090533442584
3527,14.478236494463737
569,55.711729132814554
9188,26.738398029650938
2923,62.43730608545129
7912,42.553980948994514
1559,15.68259309539588
102,57.48468261472916
3008,40.9659300563554
7202,22.939121593989334
304,90.49738049599571
77,62.067792322768
6755,40.81263446600532
8630,74.56465919874776
1209,81.16690146967738
7743,89.27153541000283
8215,85.33523251524485
8945,37.54832697966599
8414,93.25941335521023
1776,40.1167074989331
3474,32.85546581073555
484,87.03978148065553
2190,75.34654945074274
347,15.73832875488607
5482,80.99644518456313
8362,27.058877397069274
1473,63.20132499974516
5101,62.348015290650245
6766,40.59429398359165
8707,71.32725014534353
4930,66.1409665860698
6330,74.47776790034618
2610,37.573892178088336
4,36.59894126963541
2214,25.211607859267303
4828,66.34919914542903
857,55.71983049418506
6978,27.59209973848658
5886,60.76606160735911
625,44.395120698928764
291,39.86165619389849
2019,70.53142658608547
669,55.05382947112064
8922,45.15724234052153
8265,24.68630814188805
9697,38.90666583206257
1632,34.455414582135504
5171,34.88825041045907
7206,68.4164686217174
2523,47.52271053817704
2216,52.840507369017466
6969,44.61200566842227
6497,50.137735393983554
6214,50.74207907048631
7033,27.709720162555215
7421,26.813973620070435
1108,63.76417325101045
451,81.07995475104377
6290,47.27743949091444
9967,14.689852305643356
136,86.4572302193126
1786,48.89802106510195
3405,50.74207457522899
2907,71.68477812617613
8305,38.323665510340874
7493,64.94792647700808
6101,72.86959690059294
4505,38.24317264164588
5054,41.76736124178036
5206,50.680149994788174
4081,41.922959535677144
6919,29.345535180784083
6803,72.22911745772828
5207,43.64749105225516
533,64.1760128155469
4831,59.718946844801785
4039,63.91701047276943
4085,71.84165881739058
3205,42.10882986694714
7111,78.32965724487009
331,43.87124353669349
4958,43.96057464823341
3034,72.40914417030332
7685,63.62612478629433
1598,44.44088734092001
9920,77.57770924065053
3598,20.27802970000004
9039,68.49444740476281
8002,33.87364788359887
591,48.2249457384164
648,71.47524648127387
9103,30.068556441253754
8016,49.577564401061124
3772,55.35448957715573
9040,52.559476752716506
5083,33.776913781337335
7883,87.76405160822009
9363,44.26304120501131
4211,85.41196535082537
8835,40.72212051411872
8700,39.3874575857832
1796,29.162126783561035
2587,63.96108720576613
8356,48.39583017069075
2317,74.77971018929054
4186,73.07360251642314
8828,56.050381830445694
7073,51.54289362444076
5235,34.83737612457153
8744,50.82305044121614
8671,82.68497754135223
4769,46.56401345302579
9973,57.275333043821604
7145,68.54569756250375
2914,74.56127395461607
9872,71.70621242666607
9894,76.71780780939662
2076,33.83151528034535
4303,44.46945210052441
5823,78.32655844568148
2150,18.516551252519577
145,40.98987433102224
4964,64.90277543901135
8160,58.50330412000742
9031,76.17727759323631
4776,85.19792067369838
8934,37.17041387457171
7750,40.84130185278197
9829,81.41767537697501
9215,38.50411075733042
6061,34.508559017888956
9476,65.87739441389311
6410,53.99420311257787
3318,48.589263189018006
7465,50.53183928406183
3062,35.257095347292456
1356,62.18007184994074
4515,49.794265968143684
5506,63.10382268466237
5251,25.748810757592985
4512,76.33400633882664
1731,89.75337902480851
1759,77.42424335581077
6651,65.96809009704492
6647,84.74570279055038
9861,56.46997313328051
4140,25.239314779679056
9394,68.83222562745345
5124,74.20901700572836
1,91.70171629692331
1865,50.890429189983415
544,69.58398763210123
350,53.30150794951495
6907,35.86391957124285
9766,41.265097175014304
2524,28.02246312876658
3465,71.62426642000392
458,62.82250124987494
3024,28.57339094336608
7262,37.06078416236889
9516,72.8946202128576
7873,84.05340223935933
6626,84.98451738181024
2535,59.319418239552725
132,85.66518164479496
3705,32.76781845763974
1373,92.563711954728
6201,45.94336135535882
4857,94.0728611985966
4713,41.935408864353484
5545,59.841453186327485
1414,48.87082001780001
4114,79.7777252757658
656,78.51079668941347
8138,53.53239965063667
4099,34.30214946617186
593,77.56290851183459
8709,81.37498946177854
3124,48.4489329918412
3048,84.40453698993088
3888,44.03437037474743
5736,48.0559055354471
2185,36.20492478198168
2146,41.65493788087951
7048,41.85674791314603
3106,56.93541265149904
9234,68.88215910032673
9097,72.68014583839368
2770,33.27851110038912
5222,55.878863775742225
5834,32.91031871681197
1733,72.32266236294757
266,52.87405767377959
5145,90.68283444325894
8268,72.55256599765644
3938,73.22357673598916
762,58.52767322172273
7221,54.742487984145974
8440,86.9205971868177
3258,50.84831727313449
4339,51.64018679337335
4363,57.53807879299592
317,36.39530305016138
8070,33.71163497403859
1852,55.99811948347092
2485,31.89299246931052
9874,50.403164371794794
9575,52.03619247986793
1079,46.15698148288609
8359,48.00982384600552
7334,81.16965963614497
1072,66.3414752619253
104,74.01925949972811
5749,48.051312086102975
1419,50.04796365989478
1659,49.69284079246953
5285,45.9967656651961
1150,37.047960440340994
7151,46.23729357096042
1569,34.320826656728414
1088,52.208203056781265
6086,70.04417316532326
8675,24.330939914108754
8342,55.098165207124346
7812,88.53559663300382
6085,87.40075885632916
8774,81.44979409823955
8758,55.00891273474229
1693,67.58030657938318
4735,49.33627516392543
3388,50.66542034762963
3647,59.32630579348795
1684,48.88844786553529
9,62.874801838912475
6063,49.72358801291938
6517,19.627272306789905
4124,45.752956071398906
8730,25.35604349939532
6046,24.019494433648873
568,57.08756982215408
9162,48.095976937794944
1804,84.66589706398744
8502,39.33969608162206
4901,73.41459904540507
1600,88.84206084714191
7932,73.7310712396276
9548,44.84302405914924
2824,59.00176042620071
5468,85.54167435867879
3530,58.37296600948577
8684,41.81905428736554
1156,71.61582284354651
6548,46.8163910728031
9089,56.16267161675439
7621,91.3580163807312
8297,48.92604743017943
4541,41.37606248109993
9135,74.45183606373837
6483,52.52933978312948
5827,41.36112841357844
1191,62.35283346214036
7445,58.31471325912104
8521,46.24385687427453
961,81.6527530886796
7455,88.68742328242718
37,41.98902365543076
7517,74.49075442374726
7645,57.52170455618843
4439,56.91650471737034
6162,46.3523888529486
7745,76.93315007945705
9588,44.814270320048315
8120,38.70049678938476
6968,58.23014625338924
5719,68.4495347101894
578,23.65415120075017
9834,52.8552752697227
4103,92.87019339003814
7647,46.69038667068456
4152,94.20559717927935
3131,53.897269626056605
4891,54.775419154587944
9976,60.351036051794445
7472,42.17421232953308
1834,64.40281194771296
9149,86.50007386395546
4892,84.02129961397881
2288,33.5830763668831
1331,15.619038772435154
2772,83.67532578218554
3687,17.37198015195831
8284,40.75376106528388
5929,26.596545393505302
638,92.32977580985269
48,54.72001132302192
2603,49.266502419669685
1966,31.9221853375607
2169,36.571066208063236
5050,26.648108551423555
3335,68.92356681556214
3020,44.23118762851444
8765,32.229663794864386
9177,37.8051378186838
1361,30.219429505552803
5799,46.36608367495293
9401,44.23562027235179
3252,46.49774627131746
6301,28.335355153420316
2252,40.462624562541514
6028,46.91918437643296
1176,19.642998332562087
8800,72.77723794009731
3280,84.75690327698602
2974,36.050996253321436
3397,38.63632100919154
6940,86.39839867456018
966,65.00631951321259
8575,22.082289167443577
743,44.25055843417369
7515,38.403449127006965
3315,56.702164111033646
4899,76.95827300443428
9341,48.35562681714822
4673,22.28312343026039
8619,54.92285900374064
1218,33.286926864702565
4398,50.70932306204289
6081,33.14162379862245
2615,60.49084039600604
2621,35.901478252035254
8715,53.24407368751391
7283,72.75701491360367
3380,84.25650814910307
7302,62.74604813233993
9858,44.141559459271846
5606,67.85493831801034
9814,66.2215243685038
5787,17.57750873028568
8519,54.17056782494047
6851,70.35493304099123
1517,33.73677750093958
5099,47.305543092109055
7637,28.961850393060693
9086,37.31845950108218
8024,56.26440120564005
2393,87.8572528855821
587,34.81340975129539
3520,27.489670878311237
7654,34.60202906643108
8947,32.95433106643028
851,57.330158596579686
336,81.41492487741544
6635,63.63738152957682
8973,42.73726198208134
7494,62.493761710641856
2869,75.50071162628288
4873,18.641565946526306
3551,53.181431694822884
3843,35.1675435768452
7263,57.958558276623954
5825,64.75098289898366
24,58.79366027503055
1454,65.80652513574063
1685,46.90059070067252
2311,72.46167512179213
9064,24.595552273442856
9407,57.52362462981975
382,78.22512508398299
5815,75.48265293919414
5551,62.037272944090326
9309,36.56100356783657
1619,54.245595359968014
790,81.63990221839154
5984,34.37484128371779
8673,70.59751196682765
4476,65.46887425413126
5607,32.31589330626332
9313,31.86512290188587
5649,89.43384872955866
6217,55.1156155632607
2287,92.31731219008702
9994,56.13793196322729
7579,75.96140813675336
1184,70.48366238485622
6002,78.58694165008978
5091,20.82871330906235
2517,42.22802026951575
4123,37.65671447109023
5522,58.04433233350658
5628,78.96149915874409
8361,69.01888831334438
5873,73.59105644456116
8613,57.15256217166395
7728,42.277939743213274
5969,42.57660848159805
1181,61.31080549272777
8763,64.81911470717043
8236,27.165158894088698
2819,37.01690728879094
9965,63.34918979522627
8704,54.10179417284058
6609,52.54664206418992
2821,56.310235899846624
7536,74.96049133946624
2261,47.16083751548454
2240,68.03478816658043
6022,72.41925559063381
783,57.565959129014594
933,53.41693899772099
6203,41.95573607934916
2413,32.91038797779434
6998,54.54911107492239
9116,52.599953584856415
1157,45.29473988434661
8108,46.71489040603742
5806,51.297310543675835
4880,70.47035794145938
3310,56.06772277019859
8962,52.69625018135053
1703,32.24432081973418
2493,27.86591949998173
3707,76.82095261088827
8277,54.753345279691544
287,30.656944732849965
1609,74.3903481915597
6632,60.82005448432125
8279,57.21521382894658
7316,35.766815281791175
2253,62.19898954680274
7416,73.18285002891588
8366,48.78314008820864
1892,60.28686884992977
5063,39.42325659193869
6121,48.963006121764614
564,56.871557101547296
292,86.14746163311969
4717,40.11136969253928
7709,80.67404887813595
6350,69.75827942087889
170,77.99244032088123
268,55.27685229826791
4639,76.27945926155695
7078,32.8330996218764
3356,32.87889587234036
8280,38.42499646602054
316,35.41977316195398
6729,45.28557821991914
9496,33.11492133390597
4068,44.79301651217376
246,61.21564823357967
253,59.71543256390866
1112,81.77000022039428
4802,75.71501976521918
1714,22.82900608433073
51,27.342945595078604
1836,81.77796381089811
7897,40.73463517091282
3384,62.732537165559805
6411,65.37506141287659
4314,62.99919383957843
873,88.8132885231174
1255,72.07600646277359
8882,56.63301445779719
5852,63.023360241681125
5703,81.93762495615142
8104,97.5299265809821
2099,27.231900410158175
5129,63.73488975604284
249,45.002812347573986
6562,65.26293350133903
1340,53.29755491761585
7018,57.3079044129886
2111,64.5569316660447
1570,86.04125066306861
1727,67.38416320799078
8385,56.0399876135863
6941,68.36487049849461
4396,41.714154731391126
2421,74.64405012805165
3046,31.34166619125265
5504,37.69474160383282
3704,63.73368440759712
8192,85.34913944215765
5332,39.12932083649873
9809,59.10865812930832
448,57.84554237583922
7895,53.513104679023336
8729,87.06930873754703
7829,80.28524766739255
1769,50.5101000013498
6809,45.2041950001252
4705,56.571839007666014
3870,92.46101178345069
1656,91.25911894156607
3188,73.14726407734659
684,43.72771370449555
4171,64.66287489517279
4478,40.219396948908944
462,43.00923827793033
5765,21.33086658069933
7523,65.97440399073855
4503,71.30005043090131
9710,18.438263307822936
319,88.06885016838291
1146,74.01736370207615
5095,89.95993496439007
1394,45.88221160247332
6624,67.75274020702918
1502,31.90319605852884
6409,52.60874583263391
377,41.07768476918159
411,54.49690034424993
1661,73.82717993280328
3152,43.313325622034036
1624,87.89422489847772
5610,31.908674181860484
8533,29.34757753580429
5803,20.609033899721283
5307,43.26736432127794
7087,41.488047872260616
8898,78.68738784668164
7489,84.67866513074702
9616,66.65034741382868
9218,50.01515546628112
1673,53.706959864142526
2359,61.380090887654966
8468,59.049178245672515
275,36.509218096339524
2474,53.70454712761232
5490,41.251135099904566
4772,40.62274704497623
2108,36.34805775768947
7501,37.45623634764919
4415,63.013085368039306
8139,84.27921760350415
8661,26.94138796272219
8240,68.61358148401476
2418,52.04534717830024
8772,26.04999399650771
2237,76.26409267762205
3768,64.98070936593808
9792,37.27404845757494
9990,25.436810928209056
9966,71.784440100659
7324,64.88112423612199
1384,23.415131706257547
3102,46.81726968077564
3922,30.11399096125087
6686,18.18706123563414
3195,44.14870068418131
1942,49.04895669719837
7714,62.3526412833396
4897,29.264567031452344
4783,62.23908247487592
1497,63.99050091297161
1958,65.94199920990314
9172,63.798603272600275
9746,83.94297634449066
7333,54.63394682878957
7950,68.40643372465823
3018,40.67768901368289
6747,64.19938206294157
514,85.67196625928693
3935,79.86566672528652
3026,51.91911246222316
1200,58.16008082931811
5029,53.46165854615749
9785,44.543688566280984
922,29.654962758259614
4650,22.39978491299204
5333,25.02313951123469
1077,61.91695616661064
6769,23.200977037729352
9411,61.1732117088608
1672,72.82092253560722
475,55.73039288222746
9187,26.519337566395187
8840,71.81251786313248
5759,28.939243298153478
6298,23.346450798952517
2479,61.163110754617236
5494,75.55179641055618
3915,71.73498483907042
2139,78.91137999392046
5455,68.48217343835628
5380,78.19295750542514
8986,72.3782095036693
4024,50.174039396598346
3486,50.071421785657904
2456,65.8145399711378
2465,59.64352316509336
8697,60.30126459746569
1370,59.45951552209388
6689,81.21240724461339
7457,78.39449745010297
9975,76.48426820538997
1902,74.8108940485815
4872,87.94635698702143
4711,80.21754244646414
7887,43.81839529603699
1794,32.77854196973614
2875,43.169761078391
6218,60.12014100976648
5214,56.67838866024258
2246,40.46027811024336
1742,56.03441579281103
1021,52.717636979492276
706,43.20623227321129
4295,69.84331756239727
5577,69.37694576103607
7167,71.31341313612438
8178,33.71684712364613
909,80.4139250177073
5194,39.20063046175219
3078,77.81053850496676
9367,67.27077012338265
595,55.476411365411316
5305,31.063027537035893
441,43.35353766338023
7607,42.351505297710425
4093,38.18832597744435
6135,73.55043087550378
11,84.13696679637835
3777,58.91187162673388
9000,43.534686636068706
3709,63.05017439539933
3781,69.90497149120279
94,77.13801881383694
9240,45.71307194441089
3950,44.793487681632435
5786,30.655224187360673
4871,71.24732970364201
4803,31.292094797291526
4868,68.3441359762412
293,31.800707178782993
7889,45.74704972653536
7406,59.10878991485459
5596,19.82050162425641
2887,71.80959631047921
6455,65.72742420821598
2543,47.668736650645876
1766,56.029361902236474
6801,68.4204777665295
1878,85.48377678766784
1982,45.88888709623523
9730,73.65332898246834
9609,85.87221382065823
2686,39.09270125171688
8931,62.14759969174685
3459,77.91267964261306
4542,31.81454791705727
2179,41.82521875610802
4451,81.87381727999747
3860,72.96867774496616
7624,54.413788532027816
7655,56.998756990775625
4520,39.41084181036572
2518,41.51140179812044
4837,64.82220928597125
2886,60.74272646756184
7282,81.36817973941618
6256,78.4203291510938
4540,79.57610469702675
5640,66.94606802568768
9460,48.757799305918354
3482,75.73166130375864
1278,74.35744822985853
3147,74.99335531624554
8263,49.75980434904408
3206,56.037337789217574
9893,70.25084942618093
2743,65.91500591693875
6077,41.93801610744015
4048,53.11066686556516
5732,40.349697929877735
2946,23.74298033969923
5791,71.30663874964645
6795,32.77120542962686
6544,87.68405576665099
701,44.820841084796484
3575,64.63992635315219
7700,38.04121340679585
2516,65.66844703730993
3001,71.84931744609165
5821,31.41612331967991
8582,56.53672543103753
3685,27.335833811090822
2996,42.48656202293285
4253,76.85303254527061
3412,81.6748115957808
7963,48.677884431086746
6310,76.90662778797284
8612,46.33938112226329
5013,54.52294233744204
7751,53.87375409476049
5980,43.855832353809
4049,47.52866326366661
4900,43.750334167303535
1319,70.72817784763556
9773,39.849165552199935
9138,82.11968955994382
7143,37.276284997056756
1898,35.27039207261212
7466,41.77245676155067
604,75.88149682382004
2847,56.5796037632662
8208,23.868241490660324
394,57.449182043739896
4437,47.92130945786247
9448,53.4714408195415
7235,85.90156213262999
5399,73.34772721436724
96,27.821566465782276
1663,79.24673218093959
8971,22.604635650515128
5131,40.728997555927
1489,70.14780798311679
8317,49.76567441566214
2708,63.427877404757446
1596,41.13674699268719
9278,61.39527743532181
2378,54.079895615287235
5141,42.97206160981829
6148,41.15692599815282
8242,70.79729935515095
3949,76.98404578745996
3934,35.96777437224977
4798,44.06939248532516
4373,78.961710628417
9863,75.87920501154278
8243,70.60303024519936
3449,86.19655806307291
2944,73.2537767406794
2466,24.64654043030859
8583,50.684081222969155
5507,83.45411731634388
2699,38.539663070778765
2448,47.010604294863946
20,60.05360247330261
2749,81.56399974596161
5400,19.419086763276518
8079,78.01305225974812
6872,91.26860164679043
4709,41.26483498462395
9477,47.79212706863633
810,43.93150263292893
7478,62.09486006992403
2274,70.05969219749146
1924,63.969028771310256
1471,42.263142345497705
7935,62.946897580775456
7408,51.23347503220982
2407,56.85467172366356
1143,32.571632387017765
1748,43.23861823744112
5710,21.633909882030892
4976,63.0098013572693
7301,44.41674553369097
8149,38.96014289509851
2834,50.48726114731656
3132,81.00090979944218
1311,35.764430433035294
8651,35.65888158087058
6775,58.25256611911026
6757,57.772310507822674
621,62.07289774441826
2702,57.287447323769534
2200,48.53554995971417
6197,36.95732895860474
8825,60.54564048623525
1047,56.74689072020042
5769,42.744208267107624
9948,45.191293597371946
9020,41.81848291059065
744,32.58150958271888
223,62.4673526755537
3150,80.10481566007553
626,85.34613758829082
9335,53.001565254377844
7567,76.55781383707287
4583,51.68407159352618
5712,59.87535466831418
3285,50.14422715636011
7586,45.392738074523166
9647,65.97512027206548
1531,67.57440853343013
9686,56.26450081617709
354,41.59943120485526
2475,54.8771624119292
8014,16.451642468172288
6476,70.693961548186
6450,67.27723125912942
240,47.57146945175526
2626,56.79946206417084
9787,72.06581199214722
7199,82.41094928972817
7693,25.482090523146475
2998,63.28914711567494
6441,66.38477330637508
4563,73.77532634491016
8615,51.46014120729098
1480,37.60552474582371
1019,41.18831729553948
3095,71.96524244262474
6183,28.139575355448002
4961,55.11743810177539
8493,49.8650155868346
1104,41.15937819250102
6082,48.19685174277684
9526,43.39600783507856
5191,36.8329982898301
4182,92.6954556156005
4468,30.099350901481145
1627,68.68467113512057
6718,52.07372292219497
3799,62.72019481334747
3054,69.89472709788541
2868,61.197057702473394
1433,25.75398712911212
7984,34.84464478944404
9347,87.98076831396007
9420,54.99822670989804
4077,50.720244990731594
218,73.16183346601667
3556,32.457442260632924
7937,54.94422203126696
8422,77.3338663530505
1035,25.737197384515248
3774,71.40085550568331
4133,43.755091824727394
2336,78.93747961066572
6493,83.3722440966114
1483,78.25711075603655
907,93.76970746614845
6089,28.316179843331405
6467,69.75615946199653
5677,86.51793463170054
2771,62.34544024318614
1806,25.809674585242703
7375,68.92402744268333
2115,49.382506162434105
4535,36.93147393978882
2532,39.694299955675866
8526,42.28133448159605
3471,74.00775292128944
1403,30.774363360359054
853,89.35796927796721
3083,41.999657156824135
8025,77.43510708280593
7566,77.1657441733797
5530,81.85780157316754
7855,43.24357252258658
4933,36.24946669606091
5160,82.77028934734733
9716,72.17887510751433
3847,53.964150170815344
6484,36.33138623488702
748,44.602273008600356
3035,49.9742696856075
348,61.21343154877466
3352,30.079738795162115
2865,72.82711150589084
2168,47.84589769367516
6955,79.79556057886683
6210,37.83112813928216
2778,48.164006724168324
1442,40.64648073296914
5658,21.453490394532274
9658,69.12601075920256
3028,61.04947638110243
6118,29.754557800374258
2484,55.183525838300945
2883,48.17947989892307
5562,56.29809038538452
764,92.82995705164132
6482,65.52423379114344
1617,52.43620294341357
1223,49.65648328074787
8665,73.95058920888945
6222,42.32633179918955
1577,88.80824547346046
9392,58.81582012238138
6351,80.12629519055275
3783,36.97675110734511
4375,52.37733062165383
709,45.83461900909304
510,43.09863691759085
2955,68.13619197094636
7538,63.11379244874227
6339,52.30088645496418
8923,68.72724740951996
7064,76.52158779792899
7163,86.77403171499346
7372,78.06855410971971
6829,45.40024664069677
3616,16.568773061614934
4657,87.81659718936167
6976,14.65359330005834
4351,81.76112623683903
712,56.052514360522856
6479,80.07393376325082
9130,57.86312303477265
8205,33.76221808503984
9204,21.61090248601895
713,32.848869498288714
9113,51.358663799647
1246,29.436783829176207
9786,34.38094296572915
6849,61.37860603239604
5134,25.52912663544015
716,45.37611637002195
3464,58.063843601056256
4395,80.92279936785572
4569,37.99608338327436
8804,45.098608425531154
8490,48.97019454751067
7702,77.04797738318067
213,26.740622156634878
9768,69.43380895890752
6839,26.40825683450703
1011,22.562404972747927
324,57.42551458016768
5397,53.657079332908744
5991,68.107290818162
3173,60.53323417266325
335,28.060362846458837
8306,41.58986653160213
2211,78.27661257852304
4272,42.17254249342225
6741,32.60475831985666
234,60.12923726994678
5951,21.802588590541923
5738,33.62466322338398
7922,67.90504174629316
2349,62.75170505552739
2037,36.609527965257584
7485,68.39321724891374
6007,77.7930928370408
4554,46.17851818363071
8073,29.96055450972316
1459,61.22472149986351
3289,32.55795340690694
3065,74.9946881339675
9437,43.82227148527658
775,43.44595916968049
6833,74.29905408740305
872,45.90118257599041
8750,32.739191008474414
1264,22.500208389738404
4834,35.83927256677556
3895,77.56633220240515
6324,70.92524514427834
9213,48.51647271315116
7020,21.70125147609766
1221,45.8553706749635
1447,52.81132888906348
3185,50.958268610752775
409,48.100802709693035
4345,33.14133218017165
3022,36.096008574269895
2304,37.189955620395715
6272,73.71495835455755
8281,42.24073664872491
6642,66.4790643587458
6956,63.445877532611966
2110,52.13578833345475
5352,45.25521672815261
9684,53.057259445610164
8344,72.05507515815992
4550,46.7810569222674
1881,52.510494118138006
5946,79.52757679946566
1738,49.568573550227384
7794,38.544053639351006
5213,65.29833672077773
3209,45.138563321451294
7083,77.90400032499143
2056,61.97618977804589
1689,67.14478863424247
4780,44.667932435860145
7476,51.37339605002642
7877,38.87748464297645
6750,79.70469195497222
8556,28.572182573294583
8123,24.283185680716457
6991,76.00264534665862
8267,70.1597067339818
8540,16.171244768802268
3393,24.734561977484788
6326,92.47094741420347
3529,68.19871666846646
4605,65.0315967158065
7024,73.037598653624
6322,63.583604658439505
746,28.061712679376825
711,42.98898680176337
380,73.01194083946595
8783,71.65319061245265
3012,53.166286064844904
8859,54.28706500887362
7153,53.82962829971192
8567,28.978540387370714
3498,62.45101839471989
3890,81.15879276054636
4485,81.07664521673583
4012,91.81165212337004
2620,77.40720543978821
6671,43.17546739498899
6513,45.71092277910245
3468,62.1800767802181
1314,58.16627773827275
8606,47.45399041441698
2070,68.67110931630341
2983,64.80127689132323
5915,43.05900353747588
9171,55.60093695130862
1286,62.58680252096176
8991,25.174482864784935
8430,21.321632556018443
1350,68.15206408438138
2612,29.708977862058916
9495,56.59677527332682
3669,71.01510402275973
2222,65.85983780963282
428,25.380227566023443
654,74.20839915118785
9914,30.471791824927728
3536,60.19860562520507
7737,41.634336242676504
3246,39.55703901856993
4741,40.83182579013992
9069,70.49651265737438
4100,47.364558728753074
4101,27.99738169566104
6960,52.826231969593785
612,57.32678845532306
4289,29.30742430626527
8571,72.93143137838845
9713,29.935177690798433
1544,35.708473404911196
9536,51.43421565867314
3854,54.81960787177278
555,31.805966459772158
6366,78.71793669834486
512,28.177545792071662
3207,36.85658879587995
8085,69.46081719404069
968,81.37534611463653
6044,40.06438156177055
6880,72.83944082310637
6776,64.42947748733769
3296,67.16159122388076
8702,49.49135676950876
3430,61.981104701474685
8871,81.65783435910768
6963,56.59510997649111
2089,59.4755295251865
8500,50.510583711084465
6163,86.15874890948643
3211,79.06210936182819
9201,56.857631340660284
6606,52.2907375546042
1110,49.519643571410896
5729,72.08371813786869
7830,62.43697473055774
1039,69.90613872518571
1195,56.20290589689673
4475,59.627569886053216
9875,36.50605329416912
2123,39.966321544722184
4983,80.13492243274897
8974,46.34642693196929
5701,17.162831807836568
935,90.49579744107282
6102,72.77732265592854
4690,24.250911304619734
395,33.339455289804825
4686,32.86490583265743
8777,55.76508191546381
9166,48.31011107327659
5981,89.3965015202453
9943,90.842977181648
2192,46.16255008963164
1298,63.74737811567429
5045,34.02642157337586
1163,55.27749155600531
4255,84.61236783699101
6373,38.12672046444979
1528,24.198671701455424
4343,40.09778171975288
2031,46.09347185903997
3061,29.028746458360672
59,79.91236690797618
2406,79.758809982197
5007,80.84696873017373
6158,70.71993029159883
7376,30.876146384014206
4507,27.689004667276613
5215,65.23953444912297
6030,74.13994432604719
1781,63.15105865149997
5448,62.910344302337286
4607,62.20320468649856
6915,67.52268197356128
677,74.2920161591955
3583,33.99349468813751
3654,38.1652235352098
7921,45.97064390128572
9500,56.43561805103079
2733,77.88285515316636
4788,49.267256280723934
2755,56.92755332361887
2338,15.111437904276322
3644,70.31467536076624
7738,61.14819801979693
5517,45.67991639022952
5247,54.906768903951296
867,21.00875696996644
4448,32.87261405267526
5072,51.39838477244465
4882,58.68579216765904
9511,37.387069066551874
3003,27.203631813871098
2226,17.901744019230108
9057,78.42066737174082
4827,80.37013223452732
7622,84.75310830197526
9690,31.336778236287103
5501,20.850619426122293
9701,61.16573197402078
8479,95.50580529477162
5503,91.91160247266873
1211,34.438411304355526
9084,68.60080380959303
2289,77.98367443004906
2184,46.48353915110746
2863,70.85216114472112
6862,45.925843481634054
2363,72.35067252394501
8464,81.32696227148266
6333,58.84111913774897
4065,74.35959962825048
9547,32.34485718052627
618,64.41279349415916
3282,35.632747966889816
5227,44.261710364065785
3398,72.9640353698378
3066,56.43540924271863
767,39.44744969022137
7079,85.20171444351327
5280,61.430318081298715
4150,36.80212122413928
1145,21.362445420307573
4249,48.2019316603616
4111,25.812025530818758
463,26.401213817870847
2933,60.29797133671588
4624,25.30365900577207
3814,85.13282612089681
6309,62.670624505105586
4342,38.27645143756944
5301,30.291846894114144
6805,75.68198555886615
3283,71.81817565761402
2575,62.803704123364284
7962,44.330427188275124
7880,59.52672192160487
829,60.609013186785965
6487,33.52184752230868
7600,44.72118727922801
2541,78.73468207689629
5747,74.78528320237243
8527,40.693226060616446
9567,81.09685057395379
3743,47.649367646307844
7499,57.956857240919966
3525,88.1113928830606
21,72.4194251175773
1916,84.3858190043835
6572,71.67857526309464
9019,62.949915516562974
2013,38.914406559878216
5406,74.59467653220594
1296,86.24776111844886
3746,47.26300191130267
592,45.798531120606135
1407,45.76469208348067
222,62.8346999526263
5618,40.60808601396375
6249,17.551908563391528
4419,64.00434725501692
859,77.93271570548987
1784,38.880941103307045
7260,76.84914880771888
6857,78.29621034783594
1955,72.82872677555483
1747,73.9794060397673
3133,68.95575408297353
8037,61.26294782730623
8851,50.82323792460888
995,52.49658303480813
6109,71.3569026734391
731,77.925421239976
6975,71.57748241543658
6274,73.04803097130372
6752,66.3946652810109
3510,79.20660452364136
3534,69.40689273562532
2514,76.22661187114593
5437,29.020944525670878
3626,39.504819484161764
466,37.603282421583614
6756,65.24191699761653
6760,45.15433848637859
7992,53.24141270629216
158,24.611337828025036
3961,34.477101835162635
8833,84.28968450898526
5471,60.99567558598061
186,67.53849895120915
1003,53.71231041423506
9509,43.09363482708793
5624,72.07049371581935
401,18.22516632963994
6241,25.63019244705965
8941,37.58148908282929
9933,73.07588540511844
7343,61.548295161916975
9833,75.83292546508238
8467,51.26187610172324
8757,41.75794862983512
7959,21.22362302491493
1251,51.612151840452164
3144,56.251933072591974
7431,60.95859839955806
60,40.73040664674074
7856,49.72159858975916
1114,45.42817650045193
3058,32.78403793863374
9570,28.13718739257896
1329,32.58609600480546
4996,44.26932816296432
6683,79.08393113622208
2073,56.67553610987525
4794,78.56970617117923
6830,88.98385180781439
9630,42.4416758369784
8219,20.275853668738932
7568,19.031734414076688
5923,47.53769800790483
1551,87.04243750577913
1010,82.39114988436148
3756,40.85518758493371
8682,48.61909054254953
9343,74.03945837053371
8010,86.11320717385817
3861,55.10570302597038
3149,48.792478791233414
2520,51.465194314937314
3128,38.36184804916295
9085,59.40867944575607
5317,21.152662487648072
1196,80.09609357231827
9051,70.90299467433402
880,71.72327018446249
6990,61.32490833387603
2488,44.480925874992856
2841,34.59331841769295
4330,55.840787276583704
2931,52.48369121453152
6425,63.78367627112002
2486,49.325217823502804
5748,27.647617189317288
884,48.350582440748134
4915,70.3402619296373
6211,63.79396530864384
9579,72.53240379894436
212,31.655622903228128
2276,77.61146291279144
2329,47.770039915399735
4951,51.93500769911672
3320,78.19959221884785
9835,30.636900792583646
4608,44.398570384496274
1439,81.93113650923866
468,68.93818089623463
5467,53.73464414119139
3330,38.5870600954533
5829,37.6976041757338
8608,66.91259462062072
697,49.58547344853623
7268,26.291568245591776
9145,51.34071406510171
8181,26.98106170903133
9939,52.56346451244147
1315,51.309255631871146
2302,77.88264715623289
2040,78.93721818913357
7109,87.36694841756783
3667,90.54095588859943
915,60.72243621686989
13,27.22289507154955
8584,17.704136018695095
6428,59.2899835230914
1537,69.79097960794107
737,29.039004157387893
8202,69.95086139950277
8653,59.4469594701143
454,18.82418123353215
4346,58.23631826827715
928,59.411352876990854
6292,71.73465437293572
8282,47.71406830506069
8723,40.53508486950667
6474,46.019897251966576
38,69.22387020583027
5771,80.35273743679629
2555,70.84390096586358
7633,83.54433254761429
9999,94.38936859406991
6621,51.87878408237214
941,53.036601348615825
7399,40.5284011806624
6129,34.857243114568774
9830,80.0946903451117
2681,30.315692179799036
4355,32.57687991015486
3059,32.169414150167796
7881,48.53507507404065
739,16.31256590829141
539,67.24722041482909
3326,66.14428431903883
4240,61.47462874320801
1401,70.63683224532684
4047,39.842881549555315
5138,66.5790129747003
4230,90.31685306144456
4192,60.36423042694566
9143,73.87915767123707
5539,46.400576812199326
2693,31.906492257081965
5341,58.14941780013665
9918,83.36288554014891
7671,69.89441616055973
9174,31.063418347110726
1808,51.80429732681139
5112,77.58404696290518
3990,70.8052456313784
3456,67.85282144902783
2908,68.98409016641423
6652,42.804902556946736
8288,38.372298232789575
6245,72.99526351295543
2698,14.00337334518202
4017,63.551864732732426
4340,67.50347244030831
4646,73.78155374077036
7740,67.92218759244268
7092,60.39060539146191
4693,46.2659737892592
1740,29.81716014965376
5407,30.446221985118584
4589,32.089759837433824
3126,60.2679100980533
2158,75.46832072246619
5334,32.417854369426706
8637,37.27218337332597
1826,48.386911405061134
4231,52.29249442739569
3488,37.91747230323747
9054,51.51695224128554
9769,70.75545179045983
3648,40.23301274159878
5903,74.36760273932964
6386,50.00498579854412
5639,28.02872932880092
6424,87.06688585399294
7827,18.84051150477115
7744,44.6819226861097
3013,63.28916994066277
7672,23.25515664704035
9549,65.76013231801463
9978,81.30818371883194
3081,54.5822446459534
3521,32.52990651861135
4979,89.31131752178476
7620,41.678959549963636
4348,83.95516357100081
8441,18.9073256730436
1347,26.465684085159154
7088,58.26189770393308
8948,80.57391993646269
5652,65.4454007598847
8082,35.048763431276264
1792,50.37269663210255
7429,68.90376896836892
9580,66.13757185754855
9960,72.73248527748481
2271,58.678481535223334
9767,44.31183042415229
2956,33.38938765349099
3444,88.12358377741847
7736,12.644059078369054
834,60.40654768601098
6499,62.96388451220101
2992,53.081007428603236
7793,60.4801952694901
2151,50.75876595619232
4023,32.00335641415967
7615,65.21049816288506
6124,74.02388151608014
3339,40.169812283711686
4344,73.79890142868399
4464,75.15797228155762
2376,54.70365652240573
9044,43.097960343612044
5571,54.83987247807712
8599,96.57277272742016
8504,39.59677944111075
8880,54.60686378225859
1887,64.52588336266308
1198,45.24585673593156
6427,77.88614137835377
8911,34.094687837408834
2936,77.51465552339815
6342,41.68282966933203
1430,42.7970673729889
6307,27.761392285325577
3650,41.97538271112253
1938,34.473929620962714
5172,81.86293685214977
7764,46.68136202177087
6393,30.399099197186047
1154,86.9930793838272
6250,55.08670771182147
7037,37.97734648167651
4229,46.9592182774899
4975,44.64982904327463
6401,90.0561020440717
3640,28.814435367658966
3972,78.2414576765145
9594,66.08798751392766
3376,83.41787020010364
2487,50.7410184560889
6954,42.09308061130174
606,55.785382392160805
7444,36.32838194783127
5928,59.11669051722112
2454,70.5007364852076
3609,20.888768783016054
1484,47.38441193097804
4519,30.973025708114463
3038,51.12825469590329
9352,85.21637615226615
7692,55.1109451388106
4116,59.80862264844723
1427,47.068017675287045
497,93.3306503134194
3353,50.266232967986376
8794,57.55938931592741
759,77.8266738470896
838,19.599686709249482
4327,51.02200192994491
2128,67.04115128868179
1023,79.41439079342553
8762,65.73799371868674
5614,53.10008942877533
5581,52.799542240024216
1058,69.79392147423007
9542,58.897074582067724
6856,59.206155106309716
7349,97.07592534372176
9045,47.183362954653084
2129,84.8596562434841
2767,78.34643055240045
2109,65.83299240165556
3617,56.481146182157126
1545,26.08864441268178
6914,47.37275510794191
1719,50.451591130668355
7435,29.498740730512274
7365,64.79859376421635
6235,40.467765054524364
725,73.89322872610536
6673,64.78097611109462
8029,87.0351637345203
5492,27.821940658027813
1128,69.81463411562783
2957,45.742715360175204
5156,55.34380008737211
4817,53.19206807202385
6202,73.38563979418132
6224,54.819940309118074
8686,42.32696179626273
7114,83.30995622564495
5275,43.04858565566939
8536,53.43623970851987
3044,74.90164801495328
6912,42.778315969823744
150,61.23656147943027
7574,44.7190759761434
4206,42.24789713669772
5493,33.08762474743376
2690,76.00002465648447
4221,53.70711945939299
9102,35.36397634324273
842,68.09916996120005
8137,43.395941166690704
6438,77.21283356327056
9700,69.28406981721454
6200,27.699903745162494
2795,41.859287227943234
7626,68.8628884565507
8475,49.955507727285166
7890,42.34330695396661
6608,45.188463906862445
9195,47.89197154700083
8248,53.08074541151103
1393,45.74385026728226
1922,73.71339028297902
7019,42.55013497396341
3622,51.465118530407146
4849,75.30525557115685
2292,41.69113787099037
2134,58.46131970981666
551,77.76160282008843
1741,48.09246347142146
5290,37.342719156833205
1818,50.435793410457514
4699,73.05625770711364
5182,61.0216236567753
3019,46.18188882825749
18,71.77959902050776
1771,56.95852583081565
1889,62.01137890995833
2153,81.96734461470766
1643,14.436607190115055
7847,64.9421885095735
4194,28.82053903911295
9433,82.10708258155083
8899,40.225565524531255
534,46.099895029295695
133,36.78947452155676
7723,87.69236597773693
8459,31.337638554691004
965,18.47075116444779
8720,51.460239536818456
6413,46.923765269548845
8286,62.78223988546589
7854,16.934060746443613
1096,63.26567324463569
6930,46.033030816539075
